density_var,var,exp,center,model,member,size_mb,finite_frac,status
sigma_1,dissic,1pctCO2,CCCma,CanESM5-CanOE,r1i1p2f1,1122.7,0.3913,ok
sigma_1,dissic,1pctCO2,CCCma,CanESM5,r1i1p1f1,1124.9,0.3863,ok
sigma_1,dissic,1pctCO2,CCCma,CanESM5,r1i1p2f1,1130.9,0.3913,ok
sigma_1,dissic,1pctCO2,CCCma,CanESM5,r2i1p1f1,1133.5,0.3912,ok
sigma_1,dissic,1pctCO2,CCCma,CanESM5,r2i1p2f1,1131.6,0.3888,ok
sigma_1,dissic,1pctCO2,CCCma,CanESM5,r3i1p1f1,1135.7,0.3916,ok
sigma_1,dissic,1pctCO2,CCCma,CanESM5,r3i1p2f1,1133.9,0.3923,ok
sigma_1,dissic,1pctCO2,CMCC,CMCC-ESM2,r1i1p1f1,1259.7,0.4,ok
sigma_1,dissic,1pctCO2,CNRM-CERFACS,CNRM-ESM2-1,r1i1p1f2,1141.8,0.4043,ok
sigma_1,dissic,1pctCO2,CSIRO,ACCESS-ESM1-5,r1i1p1f1,4.5,0.0,corrupt
sigma_1,dissic,1pctCO2,HAMMOZ-Consortium,MPI-ESM-1-2-HAM,r1i1p1f1,1157.0,0.3881,ok
sigma_1,dissic,1pctCO2,IPSL,IPSL-CM5A2-INCA,r1i1p1f1,1091.1,0.3872,ok
sigma_1,dissic,1pctCO2,IPSL,IPSL-CM6A-LR,r1i1p1f1,1152.7,0.4078,ok
sigma_1,dissic,1pctCO2,IPSL,IPSL-CM6A-MR1,r1i1p1f1,1144.7,0.4022,ok
sigma_1,dissic,1pctCO2,MIROC,MIROC-ES2L,r1i1p1f2,1131.0,0.4066,ok
sigma_1,dissic,1pctCO2,MOHC,UKESM1-0-LL,r1i1p1f2,1134.9,0.4021,ok
sigma_1,dissic,1pctCO2,MOHC,UKESM1-0-LL,r2i1p1f2,1142.8,0.4066,ok
sigma_1,dissic,1pctCO2,MOHC,UKESM1-0-LL,r3i1p1f2,1152.1,0.4117,ok
sigma_1,dissic,1pctCO2,MOHC,UKESM1-0-LL,r4i1p1f2,1157.2,0.4147,ok
sigma_1,dissic,1pctCO2,MPI-M,MPI-ESM1-2-LR,r1i1p1f1,1257.8,0.3829,ok
sigma_1,dissic,1pctCO2,MRI,MRI-ESM2-0,r1i2p1f1,1153.6,0.4068,ok
sigma_1,dissic,1pctCO2,NCC,NorESM2-LM,r1i1p1f1,1157.6,0.3941,ok
sigma_1,dissic,1pctCO2,NOAA-GFDL,GFDL-CM4,r1i1p1f1,1173.0,0.3885,ok
sigma_1,dissic,abrupt-4xCO2,CCCma,CanESM5,r1i1p1f1,1149.4,0.3987,ok
sigma_1,dissic,abrupt-4xCO2,CCCma,CanESM5,r1i1p2f1,1150.9,0.4011,ok
sigma_1,dissic,abrupt-4xCO2,CMCC,CMCC-ESM2,r1i1p1f1,1243.6,0.3952,ok
sigma_1,dissic,abrupt-4xCO2,CNRM-CERFACS,CNRM-ESM2-1,r1i1p1f2,1143.6,0.4068,ok
sigma_1,dissic,abrupt-4xCO2,CNRM-CERFACS,CNRM-ESM2-1,r3i1p1f2,1133.6,0.4028,ok
sigma_1,dissic,abrupt-4xCO2,CSIRO,ACCESS-ESM1-5,r1i1p1f1,1140.0,0.3902,ok
sigma_1,dissic,abrupt-4xCO2,CSIRO,ACCESS-ESM1-5,r2i1p1f1,6844.1,0.3496,ok
sigma_1,dissic,abrupt-4xCO2,HAMMOZ-Consortium,MPI-ESM-1-2-HAM,r1i1p1f1,1141.5,0.3829,ok
sigma_1,dissic,abrupt-4xCO2,IPSL,IPSL-CM5A2-INCA,r1i1p1f1,1084.6,0.3867,ok
sigma_1,dissic,abrupt-4xCO2,IPSL,IPSL-CM6A-LR,r1i1p1f1,6109.9,0.3669,ok
sigma_1,dissic,abrupt-4xCO2,IPSL,IPSL-CM6A-MR1,r1i1p1f1,1142.3,0.4021,ok
sigma_1,dissic,abrupt-4xCO2,MIROC,MIROC-ES2L,r1i1p1f2,1099.3,0.3943,ok
sigma_1,dissic,abrupt-4xCO2,MOHC,UKESM1-0-LL,r1i1p1f2,1144.8,0.4079,ok
sigma_1,dissic,abrupt-4xCO2,MPI-M,MPI-ESM1-2-HR,r1i1p1f1,1295.1,0.3915,ok
sigma_1,dissic,abrupt-4xCO2,MPI-M,MPI-ESM1-2-LR,r1i1p1f1,1242.6,0.3774,ok
sigma_1,dissic,abrupt-4xCO2,MRI,MRI-ESM2-0,r1i2p1f1,1151.8,0.4099,ok
sigma_1,dissic,abrupt-4xCO2,NCC,NorESM2-LM,r1i1p1f1,3424.5,0.3513,ok
sigma_1,dissic,abrupt-4xCO2,NOAA-GFDL,GFDL-ESM4,r1i1p1f1,1149.5,0.3881,ok
sigma_1,so,1pctCO2,BCC,BCC-CSM2-MR,r1i1p1f1,968.9,0.369,ok
sigma_1,so,1pctCO2,BCC,BCC-ESM1,r1i1p1f1,981.8,0.3748,ok
sigma_1,so,1pctCO2,CAMS,CAMS-CSM1-0,r1i1p1f1,1009.2,0.3886,ok
sigma_1,so,1pctCO2,CAMS,CAMS-CSM1-0,r2i1p1f1,1008.0,0.3888,ok
sigma_1,so,1pctCO2,CAS,FGOALS-f3-L,r1i1p1f1,999.9,0.3638,ok
sigma_1,so,1pctCO2,CAS,FGOALS-f3-L,r2i1p1f1,998.7,0.3633,ok
sigma_1,so,1pctCO2,CAS,FGOALS-f3-L,r3i1p1f1,996.9,0.3644,ok
sigma_1,so,1pctCO2,CCCma,CanESM5-CanOE,r1i1p2f1,978.2,0.3913,ok
sigma_1,so,1pctCO2,CCCma,CanESM5,r1i1p1f1,977.7,0.3863,ok
sigma_1,so,1pctCO2,CCCma,CanESM5,r1i1p2f1,978.2,0.3913,ok
sigma_1,so,1pctCO2,CCCma,CanESM5,r2i1p1f1,981.4,0.3912,ok
sigma_1,so,1pctCO2,CCCma,CanESM5,r2i1p2f1,980.4,0.3888,ok
sigma_1,so,1pctCO2,CCCma,CanESM5,r3i1p1f1,984.0,0.3916,ok
sigma_1,so,1pctCO2,CCCma,CanESM5,r3i1p2f1,981.9,0.3923,ok
sigma_1,so,1pctCO2,CMCC,CMCC-CM2-SR5,r1i1p1f1,1117.0,0.4015,ok
sigma_1,so,1pctCO2,CMCC,CMCC-ESM2,r1i1p1f1,1115.7,0.4,ok
sigma_1,so,1pctCO2,CNRM-CERFACS,CNRM-CM6-1,r1i1p1f2,981.6,0.4031,ok
sigma_1,so,1pctCO2,CNRM-CERFACS,CNRM-ESM2-1,r1i1p1f2,1001.1,0.4043,ok
sigma_1,so,1pctCO2,CSIRO-ARCCSS,ACCESS-CM2,r1i1p1f1,1041.4,0.3881,ok
sigma_1,so,1pctCO2,CSIRO,ACCESS-ESM1-5,r1i1p1f1,4.6,0.0,corrupt
sigma_1,so,1pctCO2,EC-Earth-Consortium,EC-Earth3-AerChem,r1i1p1f1,1038.7,0.4056,ok
sigma_1,so,1pctCO2,EC-Earth-Consortium,EC-Earth3,r3i1p1f1,1100.2,0.4047,ok
sigma_1,so,1pctCO2,HAMMOZ-Consortium,MPI-ESM-1-2-HAM,r1i1p1f1,1036.7,0.3881,ok
sigma_1,so,1pctCO2,INM,INM-CM4-8,r1i1p1f1,1077.2,0.4381,ok
sigma_1,so,1pctCO2,IPSL,IPSL-CM5A2-INCA,r1i1p1f1,930.1,0.3872,ok
sigma_1,so,1pctCO2,IPSL,IPSL-CM6A-LR,r1i1p1f1,1012.3,0.4078,ok
sigma_1,so,1pctCO2,IPSL,IPSL-CM6A-MR1,r1i1p1f1,991.6,0.4022,ok
sigma_1,so,1pctCO2,MIROC,MIROC-ES2L,r1i1p1f2,984.0,0.4066,ok
sigma_1,so,1pctCO2,MIROC,MIROC6,r1i1p1f1,984.5,0.4003,ok
sigma_1,so,1pctCO2,MOHC,HadGEM3-GC31-LL,r1i1p1f3,1009.8,0.398,ok
sigma_1,so,1pctCO2,MOHC,HadGEM3-GC31-LL,r2i1p1f3,1008.4,0.3981,ok
sigma_1,so,1pctCO2,MOHC,HadGEM3-GC31-LL,r3i1p1f3,1009.6,0.399,ok
sigma_1,so,1pctCO2,MOHC,HadGEM3-GC31-LL,r4i1p1f3,1007.0,0.3965,ok
sigma_1,so,1pctCO2,MOHC,UKESM1-0-LL,r1i1p1f2,998.0,0.4021,ok
sigma_1,so,1pctCO2,MOHC,UKESM1-0-LL,r2i1p1f2,1007.8,0.4066,ok
sigma_1,so,1pctCO2,MOHC,UKESM1-0-LL,r3i1p1f2,1015.5,0.4117,ok
sigma_1,so,1pctCO2,MOHC,UKESM1-0-LL,r4i1p1f2,1019.9,0.4147,ok
sigma_1,so,1pctCO2,MPI-M,MPI-ESM1-2-LR,r1i1p1f1,1127.0,0.3829,ok
sigma_1,so,1pctCO2,MRI,MRI-ESM2-0,r1i1p1f1,1021.6,0.4072,ok
sigma_1,so,1pctCO2,MRI,MRI-ESM2-0,r1i2p1f1,1025.3,0.4068,ok
sigma_1,so,1pctCO2,NASA-GISS,GISS-E2-1-G,r1i1p1f1,1005.0,0.384,ok
sigma_1,so,1pctCO2,NASA-GISS,GISS-E2-1-G,r1i1p3f1,1006.1,0.3851,ok
sigma_1,so,1pctCO2,NASA-GISS,GISS-E2-2-G,r1i1p1f1,977.1,0.3792,ok
sigma_1,so,1pctCO2,NCAR,CESM2-FV2,r1i1p1f1,1021.7,0.4095,ok
sigma_1,so,1pctCO2,NCAR,CESM2-WACCM-FV2,r1i1p1f1,1013.0,0.4038,ok
sigma_1,so,1pctCO2,NCAR,CESM2-WACCM,r1i1p1f1,1019.6,0.4079,ok
sigma_1,so,1pctCO2,NCAR,CESM2,r1i1p1f1,1007.5,0.3983,ok
sigma_1,so,1pctCO2,NCC,NorCPM1,r1i1p1f1,1143.4,0.3875,ok
sigma_1,so,1pctCO2,NCC,NorESM2-LM,r1i1p1f1,1063.6,0.3941,ok
sigma_1,so,1pctCO2,NCC,NorESM2-MM,r1i1p1f1,1054.9,0.3898,ok
sigma_1,so,1pctCO2,NOAA-GFDL,GFDL-CM4,r1i1p1f1,1078.1,0.3929,ok
sigma_1,so,1pctCO2,NOAA-GFDL,GFDL-ESM4,r1i1p1f1,1020.3,0.3941,ok
sigma_1,so,1pctCO2,NUIST,NESM3,r1i1p1f1,1057.9,0.4245,ok
sigma_1,so,1pctCO2,THU,CIESM,r1i1p1f1,1052.1,0.4066,ok
sigma_1,so,1pctCO2,UA,MCM-UA-1-0,r1i1p1f1,3079.8,0.3831,ok
sigma_1,so,abrupt-4xCO2,BCC,BCC-CSM2-MR,r1i1p1f1,983.3,0.3716,ok
sigma_1,so,abrupt-4xCO2,BCC,BCC-ESM1,r1i1p1f1,1002.2,0.3798,ok
sigma_1,so,abrupt-4xCO2,CAMS,CAMS-CSM1-0,r1i1p1f1,1023.4,0.391,ok
sigma_1,so,abrupt-4xCO2,CAMS,CAMS-CSM1-0,r2i1p1f1,1023.7,0.3908,ok
sigma_1,so,abrupt-4xCO2,CAS,FGOALS-f3-L,r1i1p1f1,1076.1,0.3672,ok
sigma_1,so,abrupt-4xCO2,CAS,FGOALS-f3-L,r2i1p1f1,1074.1,0.366,ok
sigma_1,so,abrupt-4xCO2,CAS,FGOALS-f3-L,r3i1p1f1,1070.9,0.3656,ok
sigma_1,so,abrupt-4xCO2,CCCma,CanESM5,r1i1p1f1,996.3,0.3987,ok
sigma_1,so,abrupt-4xCO2,CCCma,CanESM5,r1i1p2f1,993.3,0.4011,ok
sigma_1,so,abrupt-4xCO2,CMCC,CMCC-CM2-SR5,r1i1p1f1,1101.5,0.3957,ok
sigma_1,so,abrupt-4xCO2,CMCC,CMCC-ESM2,r1i1p1f1,1095.8,0.3952,ok
sigma_1,so,abrupt-4xCO2,CNRM-CERFACS,CNRM-CM6-1,r1i1p1f2,979.8,0.4097,ok
sigma_1,so,abrupt-4xCO2,CNRM-CERFACS,CNRM-ESM2-1,r1i1p1f2,997.4,0.4068,ok
sigma_1,so,abrupt-4xCO2,CNRM-CERFACS,CNRM-ESM2-1,r3i1p1f2,987.4,0.4028,ok
sigma_1,so,abrupt-4xCO2,CSIRO-ARCCSS,ACCESS-CM2,r1i1p1f1,1060.2,0.3912,ok
sigma_1,so,abrupt-4xCO2,CSIRO,ACCESS-ESM1-5,r1i1p1f1,1050.2,0.3903,ok
sigma_1,so,abrupt-4xCO2,CSIRO,ACCESS-ESM1-5,r2i1p1f1,6269.8,0.3496,ok
sigma_1,so,abrupt-4xCO2,EC-Earth-Consortium,EC-Earth3-AerChem,r1i1p1f1,1024.3,0.4024,ok
sigma_1,so,abrupt-4xCO2,EC-Earth-Consortium,EC-Earth3,r3i1p1f1,1090.1,0.4055,ok
sigma_1,so,abrupt-4xCO2,EC-Earth-Consortium,EC-Earth3,r8i1p1f1,1107.8,0.3953,ok
sigma_1,so,abrupt-4xCO2,HAMMOZ-Consortium,MPI-ESM-1-2-HAM,r1i1p1f1,1026.7,0.3829,ok
sigma_1,so,abrupt-4xCO2,INM,INM-CM4-8,r1i1p1f1,1078.7,0.4398,ok
sigma_1,so,abrupt-4xCO2,IPSL,IPSL-CM5A2-INCA,r1i1p1f1,932.2,0.3867,ok
sigma_1,so,abrupt-4xCO2,IPSL,IPSL-CM6A-LR,r1i1p1f1,5297.6,0.3669,ok
sigma_1,so,abrupt-4xCO2,IPSL,IPSL-CM6A-MR1,r1i1p1f1,985.9,0.4021,ok
sigma_1,so,abrupt-4xCO2,MIROC,MIROC-ES2L,r1i1p1f2,959.1,0.3943,ok
sigma_1,so,abrupt-4xCO2,MIROC,MIROC6,r1i1p1f1,1528.5,0.3627,ok
sigma_1,so,abrupt-4xCO2,MOHC,HadGEM3-GC31-LL,r1i1p1f3,1012.7,0.4064,ok
sigma_1,so,abrupt-4xCO2,MOHC,UKESM1-0-LL,r1i1p1f2,1938.0,0.4039,ok
sigma_1,so,abrupt-4xCO2,MPI-M,MPI-ESM1-2-HR,r1i1p1f1,1163.5,0.3915,ok
sigma_1,so,abrupt-4xCO2,MPI-M,MPI-ESM1-2-LR,r1i1p1f1,1118.1,0.3774,ok
sigma_1,so,abrupt-4xCO2,MRI,MRI-ESM2-0,r10i1p1f1,1014.2,0.4108,ok
sigma_1,so,abrupt-4xCO2,MRI,MRI-ESM2-0,r11i1p1f1,42.1,0.4216,ok
sigma_1,so,abrupt-4xCO2,MRI,MRI-ESM2-0,r12i1p1f1,42.0,0.421,ok
sigma_1,so,abrupt-4xCO2,MRI,MRI-ESM2-0,r13i1p1f1,1013.5,0.4094,ok
sigma_1,so,abrupt-4xCO2,MRI,MRI-ESM2-0,r1i1p1f1,1013.9,0.4099,ok
sigma_1,so,abrupt-4xCO2,MRI,MRI-ESM2-0,r1i2p1f1,1014.6,0.4099,ok
sigma_1,so,abrupt-4xCO2,MRI,MRI-ESM2-0,r2i1p1f1,42.4,0.4225,ok
sigma_1,so,abrupt-4xCO2,MRI,MRI-ESM2-0,r3i1p1f1,42.2,0.4224,ok
sigma_1,so,abrupt-4xCO2,MRI,MRI-ESM2-0,r4i1p1f1,1014.1,0.4094,ok
sigma_1,so,abrupt-4xCO2,MRI,MRI-ESM2-0,r5i1p1f1,42.3,0.4236,ok
sigma_1,so,abrupt-4xCO2,MRI,MRI-ESM2-0,r6i1p1f1,42.3,0.422,ok
sigma_1,so,abrupt-4xCO2,MRI,MRI-ESM2-0,r7i1p1f1,1015.1,0.4102,ok
sigma_1,so,abrupt-4xCO2,MRI,MRI-ESM2-0,r8i1p1f1,42.2,0.422,ok
sigma_1,so,abrupt-4xCO2,MRI,MRI-ESM2-0,r9i1p1f1,42.2,0.4234,ok
sigma_1,so,abrupt-4xCO2,NASA-GISS,GISS-E2-1-G,r1i1p1f1,987.0,0.38,ok
sigma_1,so,abrupt-4xCO2,NASA-GISS,GISS-E2-1-G,r1i1p1f3,389.4,0.1915,ok
sigma_1,so,abrupt-4xCO2,NASA-GISS,GISS-E2-1-G,r1i1p3f1,986.4,0.3792,ok
sigma_1,so,abrupt-4xCO2,NASA-GISS,GISS-E2-1-G,r1i1p5f1,989.4,0.3793,ok
sigma_1,so,abrupt-4xCO2,NASA-GISS,GISS-E2-1-H,r1i1p3f1,1098.2,0.4175,ok
sigma_1,so,abrupt-4xCO2,NASA-GISS,GISS-E2-2-G,r1i1p1f1,968.7,0.3713,ok
sigma_1,so,abrupt-4xCO2,NCAR,CESM2-FV2,r1i1p1f1,1022.2,0.4118,ok
sigma_1,so,abrupt-4xCO2,NCAR,CESM2-WACCM-FV2,r1i1p1f1,1012.7,0.4083,ok
sigma_1,so,abrupt-4xCO2,NCAR,CESM2-WACCM,r1i1p1f1,1024.6,0.4114,ok
sigma_1,so,abrupt-4xCO2,NCAR,CESM2,r1i1p1f1,5609.3,0.3285,ok
sigma_1,so,abrupt-4xCO2,NCC,NorCPM1,r1i1p1f1,570.6,0.3952,ok
sigma_1,so,abrupt-4xCO2,NCC,NorESM2-LM,r1i1p1f1,3163.4,0.3513,ok
sigma_1,so,abrupt-4xCO2,NOAA-GFDL,GFDL-ESM4,r1i1p1f1,1052.1,0.3927,ok
sigma_1,so,abrupt-4xCO2,NUIST,NESM3,r1i1p1f1,1057.8,0.4527,ok
sigma_1,so,abrupt-4xCO2,UA,MCM-UA-1-0,r1i1p1f1,3063.5,0.3795,ok
sigma_1,thetao,1pctCO2,BCC,BCC-CSM2-MR,r1i1p1f1,1308.0,0.369,ok
sigma_1,thetao,1pctCO2,BCC,BCC-ESM1,r1i1p1f1,1321.4,0.3748,ok
sigma_1,thetao,1pctCO2,CAMS,CAMS-CSM1-0,r1i1p1f1,1353.6,0.3886,ok
sigma_1,thetao,1pctCO2,CAMS,CAMS-CSM1-0,r2i1p1f1,1350.1,0.3888,ok
sigma_1,thetao,1pctCO2,CAS,FGOALS-f3-L,r1i1p1f1,1384.3,0.3638,ok
sigma_1,thetao,1pctCO2,CAS,FGOALS-f3-L,r2i1p1f1,1380.7,0.3633,ok
sigma_1,thetao,1pctCO2,CAS,FGOALS-f3-L,r3i1p1f1,1379.0,0.3644,ok
sigma_1,thetao,1pctCO2,CCCma,CanESM5-CanOE,r1i1p2f1,1378.5,0.3913,ok
sigma_1,thetao,1pctCO2,CCCma,CanESM5,r1i1p1f1,1368.0,0.3863,ok
sigma_1,thetao,1pctCO2,CCCma,CanESM5,r1i1p2f1,1378.5,0.3913,ok
sigma_1,thetao,1pctCO2,CCCma,CanESM5,r2i1p1f1,1380.7,0.3912,ok
sigma_1,thetao,1pctCO2,CCCma,CanESM5,r2i1p2f1,1379.1,0.3888,ok
sigma_1,thetao,1pctCO2,CCCma,CanESM5,r3i1p1f1,1383.7,0.3916,ok
sigma_1,thetao,1pctCO2,CCCma,CanESM5,r3i1p2f1,1382.9,0.3923,ok
sigma_1,thetao,1pctCO2,CMCC,CMCC-CM2-SR5,r1i1p1f1,1556.3,0.4015,ok
sigma_1,thetao,1pctCO2,CMCC,CMCC-ESM2,r1i1p1f1,1554.0,0.4,ok
sigma_1,thetao,1pctCO2,CNRM-CERFACS,CNRM-CM6-1,r1i1p1f2,1388.3,0.4031,ok
sigma_1,thetao,1pctCO2,CNRM-CERFACS,CNRM-ESM2-1,r1i1p1f2,1395.5,0.4043,ok
sigma_1,thetao,1pctCO2,CSIRO-ARCCSS,ACCESS-CM2,r1i1p1f1,1391.4,0.3881,ok
sigma_1,thetao,1pctCO2,CSIRO,ACCESS-ESM1-5,r1i1p1f1,4.6,0.0,corrupt
sigma_1,thetao,1pctCO2,EC-Earth-Consortium,EC-Earth3-AerChem,r1i1p1f1,1401.6,0.4056,ok
sigma_1,thetao,1pctCO2,EC-Earth-Consortium,EC-Earth3,r3i1p1f1,1491.8,0.4047,ok
sigma_1,thetao,1pctCO2,HAMMOZ-Consortium,MPI-ESM-1-2-HAM,r1i1p1f1,1385.1,0.3881,ok
sigma_1,thetao,1pctCO2,INM,INM-CM4-8,r1i1p1f1,1562.3,0.4381,ok
sigma_1,thetao,1pctCO2,IPSL,IPSL-CM5A2-INCA,r1i1p1f1,1344.6,0.3872,ok
sigma_1,thetao,1pctCO2,IPSL,IPSL-CM6A-LR,r1i1p1f1,1435.3,0.4078,ok
sigma_1,thetao,1pctCO2,IPSL,IPSL-CM6A-MR1,r1i1p1f1,1443.0,0.4022,ok
sigma_1,thetao,1pctCO2,MIROC,MIROC-ES2L,r1i1p1f2,1363.9,0.4066,ok
sigma_1,thetao,1pctCO2,MIROC,MIROC6,r1i1p1f1,1358.8,0.4003,ok
sigma_1,thetao,1pctCO2,MOHC,HadGEM3-GC31-LL,r1i1p1f3,1387.0,0.398,ok
sigma_1,thetao,1pctCO2,MOHC,HadGEM3-GC31-LL,r2i1p1f3,1385.8,0.3981,ok
sigma_1,thetao,1pctCO2,MOHC,HadGEM3-GC31-LL,r3i1p1f3,1388.2,0.399,ok
sigma_1,thetao,1pctCO2,MOHC,HadGEM3-GC31-LL,r4i1p1f3,1384.2,0.3965,ok
sigma_1,thetao,1pctCO2,MOHC,UKESM1-0-LL,r1i1p1f2,1385.7,0.4021,ok
sigma_1,thetao,1pctCO2,MOHC,UKESM1-0-LL,r2i1p1f2,1401.0,0.4066,ok
sigma_1,thetao,1pctCO2,MOHC,UKESM1-0-LL,r3i1p1f2,1412.8,0.4117,ok
sigma_1,thetao,1pctCO2,MOHC,UKESM1-0-LL,r4i1p1f2,1421.0,0.4147,ok
sigma_1,thetao,1pctCO2,MPI-M,MPI-ESM1-2-LR,r1i1p1f1,1504.6,0.3829,ok
sigma_1,thetao,1pctCO2,MRI,MRI-ESM2-0,r1i1p1f1,1415.7,0.4072,ok
sigma_1,thetao,1pctCO2,MRI,MRI-ESM2-0,r1i2p1f1,1417.4,0.4068,ok
sigma_1,thetao,1pctCO2,NASA-GISS,GISS-E2-1-G,r1i1p1f1,1385.4,0.384,ok
sigma_1,thetao,1pctCO2,NASA-GISS,GISS-E2-1-G,r1i1p3f1,1380.1,0.3851,ok
sigma_1,thetao,1pctCO2,NASA-GISS,GISS-E2-2-G,r1i1p1f1,1398.6,0.3792,ok
sigma_1,thetao,1pctCO2,NCAR,CESM2-FV2,r1i1p1f1,1405.5,0.4095,ok
sigma_1,thetao,1pctCO2,NCAR,CESM2-WACCM-FV2,r1i1p1f1,1383.5,0.4038,ok
sigma_1,thetao,1pctCO2,NCAR,CESM2-WACCM,r1i1p1f1,1413.4,0.4079,ok
sigma_1,thetao,1pctCO2,NCAR,CESM2,r1i1p1f1,1387.3,0.3983,ok
sigma_1,thetao,1pctCO2,NCC,NorCPM1,r1i1p1f1,1605.7,0.3875,ok
sigma_1,thetao,1pctCO2,NCC,NorESM2-LM,r1i1p1f1,1485.3,0.3941,ok
sigma_1,thetao,1pctCO2,NCC,NorESM2-MM,r1i1p1f1,1477.6,0.3898,ok
sigma_1,thetao,1pctCO2,NOAA-GFDL,GFDL-CM4,r1i1p1f1,1493.8,0.3929,ok
sigma_1,thetao,1pctCO2,NOAA-GFDL,GFDL-ESM4,r1i1p1f1,1417.4,0.3941,ok
sigma_1,thetao,1pctCO2,NUIST,NESM3,r1i1p1f1,1436.7,0.4245,ok
sigma_1,thetao,1pctCO2,THU,CIESM,r1i1p1f1,1405.2,0.4066,ok
sigma_1,thetao,1pctCO2,UA,MCM-UA-1-0,r1i1p1f1,4219.6,0.3831,ok
sigma_1,thetao,abrupt-4xCO2,BCC,BCC-CSM2-MR,r1i1p1f1,1314.1,0.3716,ok
sigma_1,thetao,abrupt-4xCO2,BCC,BCC-ESM1,r1i1p1f1,1329.6,0.3798,ok
sigma_1,thetao,abrupt-4xCO2,CAMS,CAMS-CSM1-0,r1i1p1f1,1355.1,0.391,ok
sigma_1,thetao,abrupt-4xCO2,CAMS,CAMS-CSM1-0,r2i1p1f1,1354.1,0.3908,ok
sigma_1,thetao,abrupt-4xCO2,CAS,FGOALS-f3-L,r1i1p1f1,1461.4,0.3672,ok
sigma_1,thetao,abrupt-4xCO2,CAS,FGOALS-f3-L,r2i1p1f1,1457.9,0.366,ok
sigma_1,thetao,abrupt-4xCO2,CAS,FGOALS-f3-L,r3i1p1f1,1452.9,0.3656,ok
sigma_1,thetao,abrupt-4xCO2,CCCma,CanESM5,r1i1p1f1,1378.7,0.3987,ok
sigma_1,thetao,abrupt-4xCO2,CCCma,CanESM5,r1i1p2f1,1379.4,0.4011,ok
sigma_1,thetao,abrupt-4xCO2,CMCC,CMCC-CM2-SR5,r1i1p1f1,1511.3,0.3957,ok
sigma_1,thetao,abrupt-4xCO2,CMCC,CMCC-ESM2,r1i1p1f1,1506.0,0.3952,ok
sigma_1,thetao,abrupt-4xCO2,CNRM-CERFACS,CNRM-CM6-1,r1i1p1f2,1360.3,0.4097,ok
sigma_1,thetao,abrupt-4xCO2,CNRM-CERFACS,CNRM-ESM2-1,r1i1p1f2,1362.8,0.4068,ok
sigma_1,thetao,abrupt-4xCO2,CNRM-CERFACS,CNRM-ESM2-1,r3i1p1f2,1354.5,0.4028,ok
sigma_1,thetao,abrupt-4xCO2,CSIRO-ARCCSS,ACCESS-CM2,r1i1p1f1,1388.4,0.3912,ok
sigma_1,thetao,abrupt-4xCO2,CSIRO,ACCESS-ESM1-5,r1i1p1f1,1405.6,0.3903,ok
sigma_1,thetao,abrupt-4xCO2,CSIRO,ACCESS-ESM1-5,r2i1p1f1,8133.2,0.3496,ok
sigma_1,thetao,abrupt-4xCO2,EC-Earth-Consortium,EC-Earth3-AerChem,r1i1p1f1,1357.7,0.4024,ok
sigma_1,thetao,abrupt-4xCO2,EC-Earth-Consortium,EC-Earth3,r3i1p1f1,1450.9,0.4055,ok
sigma_1,thetao,abrupt-4xCO2,EC-Earth-Consortium,EC-Earth3,r8i1p1f1,1469.5,0.3953,ok
sigma_1,thetao,abrupt-4xCO2,HAMMOZ-Consortium,MPI-ESM-1-2-HAM,r1i1p1f1,1346.4,0.3829,ok
sigma_1,thetao,abrupt-4xCO2,INM,INM-CM4-8,r1i1p1f1,1555.6,0.4398,ok
sigma_1,thetao,abrupt-4xCO2,IPSL,IPSL-CM5A2-INCA,r1i1p1f1,1325.6,0.3867,ok
sigma_1,thetao,abrupt-4xCO2,IPSL,IPSL-CM6A-LR,r1i1p1f1,7309.2,0.3669,ok
sigma_1,thetao,abrupt-4xCO2,IPSL,IPSL-CM6A-MR1,r1i1p1f1,1408.8,0.4021,ok
sigma_1,thetao,abrupt-4xCO2,MIROC,MIROC-ES2L,r1i1p1f2,1312.2,0.3943,ok
sigma_1,thetao,abrupt-4xCO2,MIROC,MIROC6,r1i1p1f1,2068.3,0.3627,ok
sigma_1,thetao,abrupt-4xCO2,MOHC,HadGEM3-GC31-LL,r1i1p1f3,1369.2,0.4064,ok
sigma_1,thetao,abrupt-4xCO2,MOHC,UKESM1-0-LL,r1i1p1f2,2648.8,0.4039,ok
sigma_1,thetao,abrupt-4xCO2,MPI-M,MPI-ESM1-2-HR,r1i1p1f1,1535.6,0.3915,ok
sigma_1,thetao,abrupt-4xCO2,MPI-M,MPI-ESM1-2-LR,r1i1p1f1,1465.3,0.3774,ok
sigma_1,thetao,abrupt-4xCO2,MRI,MRI-ESM2-0,r10i1p1f1,1382.4,0.4108,ok
sigma_1,thetao,abrupt-4xCO2,MRI,MRI-ESM2-0,r11i1p1f1,59.3,0.4216,ok
sigma_1,thetao,abrupt-4xCO2,MRI,MRI-ESM2-0,r12i1p1f1,59.1,0.421,ok
sigma_1,thetao,abrupt-4xCO2,MRI,MRI-ESM2-0,r13i1p1f1,1381.6,0.4094,ok
sigma_1,thetao,abrupt-4xCO2,MRI,MRI-ESM2-0,r1i1p1f1,1381.9,0.4099,ok
sigma_1,thetao,abrupt-4xCO2,MRI,MRI-ESM2-0,r1i2p1f1,1379.0,0.4099,ok
sigma_1,thetao,abrupt-4xCO2,MRI,MRI-ESM2-0,r2i1p1f1,59.6,0.4225,ok
sigma_1,thetao,abrupt-4xCO2,MRI,MRI-ESM2-0,r3i1p1f1,59.4,0.4224,ok
sigma_1,thetao,abrupt-4xCO2,MRI,MRI-ESM2-0,r4i1p1f1,1381.9,0.4094,ok
sigma_1,thetao,abrupt-4xCO2,MRI,MRI-ESM2-0,r5i1p1f1,59.5,0.4236,ok
sigma_1,thetao,abrupt-4xCO2,MRI,MRI-ESM2-0,r6i1p1f1,59.4,0.422,ok
sigma_1,thetao,abrupt-4xCO2,MRI,MRI-ESM2-0,r7i1p1f1,1384.1,0.4102,ok
sigma_1,thetao,abrupt-4xCO2,MRI,MRI-ESM2-0,r8i1p1f1,59.3,0.422,ok
sigma_1,thetao,abrupt-4xCO2,MRI,MRI-ESM2-0,r9i1p1f1,59.4,0.4234,ok
sigma_1,thetao,abrupt-4xCO2,NASA-GISS,GISS-E2-1-G,r1i1p1f1,1346.4,0.38,ok
sigma_1,thetao,abrupt-4xCO2,NASA-GISS,GISS-E2-1-G,r1i1p1f3,492.0,0.1915,ok
sigma_1,thetao,abrupt-4xCO2,NASA-GISS,GISS-E2-1-G,r1i1p3f1,1338.9,0.3792,ok
sigma_1,thetao,abrupt-4xCO2,NASA-GISS,GISS-E2-1-G,r1i1p5f1,1340.1,0.3793,ok
sigma_1,thetao,abrupt-4xCO2,NASA-GISS,GISS-E2-1-H,r1i1p3f1,1460.2,0.4175,ok
sigma_1,thetao,abrupt-4xCO2,NASA-GISS,GISS-E2-2-G,r1i1p1f1,1386.2,0.3713,ok
sigma_1,thetao,abrupt-4xCO2,NCAR,CESM2-FV2,r1i1p1f1,1379.2,0.4118,ok
sigma_1,thetao,abrupt-4xCO2,NCAR,CESM2-WACCM-FV2,r1i1p1f1,1360.2,0.4083,ok
sigma_1,thetao,abrupt-4xCO2,NCAR,CESM2-WACCM,r1i1p1f1,1388.9,0.4114,ok
sigma_1,thetao,abrupt-4xCO2,NCAR,CESM2,r1i1p1f1,7295.7,0.3285,ok
sigma_1,thetao,abrupt-4xCO2,NCC,NorCPM1,r1i1p1f1,794.6,0.3952,ok
sigma_1,thetao,abrupt-4xCO2,NCC,NorESM2-LM,r1i1p1f1,4315.7,0.3513,ok
sigma_1,thetao,abrupt-4xCO2,NOAA-GFDL,GFDL-ESM4,r1i1p1f1,1439.1,0.3927,ok
sigma_1,thetao,abrupt-4xCO2,NUIST,NESM3,r1i1p1f1,1424.9,0.4527,ok
sigma_1,thetao,abrupt-4xCO2,UA,MCM-UA-1-0,r1i1p1f1,4169.4,0.3795,ok
sigma_1,o2,1pctCO2,CCCma,CanESM5-CanOE,r1i1p2f1,1401.5,0.3913,ok
sigma_1,o2,1pctCO2,CCCma,CanESM5,r1i1p1f1,1380.5,0.3863,ok
sigma_1,o2,1pctCO2,CCCma,CanESM5,r1i1p2f1,1387.5,0.3913,ok
sigma_1,o2,1pctCO2,CCCma,CanESM5,r2i1p1f1,1392.2,0.3912,ok
sigma_1,o2,1pctCO2,CCCma,CanESM5,r2i1p2f1,1388.9,0.3888,ok
sigma_1,o2,1pctCO2,CCCma,CanESM5,r3i1p1f1,1392.8,0.3916,ok
sigma_1,o2,1pctCO2,CCCma,CanESM5,r3i1p2f1,1391.5,0.3923,ok
sigma_1,o2,1pctCO2,CMCC,CMCC-ESM2,r1i1p1f1,1565.5,0.4,ok
sigma_1,o2,1pctCO2,CNRM-CERFACS,CNRM-ESM2-1,r1i1p1f2,1440.3,0.4043,ok
sigma_1,o2,1pctCO2,CSIRO,ACCESS-ESM1-5,r1i1p1f1,4.6,0.0,corrupt
sigma_1,o2,1pctCO2,HAMMOZ-Consortium,MPI-ESM-1-2-HAM,r1i1p1f1,1460.9,0.3881,ok
sigma_1,o2,1pctCO2,IPSL,IPSL-CM5A2-INCA,r1i1p1f1,1345.1,0.3872,ok
sigma_1,o2,1pctCO2,IPSL,IPSL-CM6A-LR,r1i1p1f1,1412.3,0.4078,ok
sigma_1,o2,1pctCO2,MIROC,MIROC-ES2L,r1i1p1f2,1381.4,0.4066,ok
sigma_1,o2,1pctCO2,MOHC,UKESM1-0-LL,r1i1p1f2,1367.8,0.4021,ok
sigma_1,o2,1pctCO2,MOHC,UKESM1-0-LL,r2i1p1f2,1375.7,0.4066,ok
sigma_1,o2,1pctCO2,MOHC,UKESM1-0-LL,r3i1p1f2,1384.8,0.4117,ok
sigma_1,o2,1pctCO2,MOHC,UKESM1-0-LL,r4i1p1f2,1388.6,0.4147,ok
sigma_1,o2,1pctCO2,MPI-M,MPI-ESM1-2-LR,r1i1p1f1,1585.1,0.3829,ok
sigma_1,o2,1pctCO2,MRI,MRI-ESM2-0,r1i2p1f1,1437.2,0.4068,ok
sigma_1,o2,1pctCO2,NCC,NorESM2-LM,r1i1p1f1,1439.1,0.3941,ok
sigma_1,o2,1pctCO2,NOAA-GFDL,GFDL-CM4,r1i1p1f1,1489.2,0.3885,ok
sigma_1,o2,abrupt-4xCO2,CCCma,CanESM5,r1i1p1f1,1399.9,0.3987,ok
sigma_1,o2,abrupt-4xCO2,CCCma,CanESM5,r1i1p2f1,1399.9,0.4011,ok
sigma_1,o2,abrupt-4xCO2,CNRM-CERFACS,CNRM-ESM2-1,r1i1p1f2,1431.0,0.4068,ok
sigma_1,o2,abrupt-4xCO2,CNRM-CERFACS,CNRM-ESM2-1,r3i1p1f2,1420.7,0.4028,ok
sigma_1,o2,abrupt-4xCO2,CSIRO,ACCESS-ESM1-5,r1i1p1f1,1445.5,0.3902,ok
sigma_1,o2,abrupt-4xCO2,CSIRO,ACCESS-ESM1-5,r2i1p1f1,8689.8,0.3496,ok
sigma_1,o2,abrupt-4xCO2,HAMMOZ-Consortium,MPI-ESM-1-2-HAM,r1i1p1f1,1435.9,0.3829,ok
sigma_1,o2,abrupt-4xCO2,IPSL,IPSL-CM5A2-INCA,r1i1p1f1,1337.6,0.3867,ok
sigma_1,o2,abrupt-4xCO2,IPSL,IPSL-CM6A-LR,r1i1p1f1,7665.7,0.3669,ok
sigma_1,o2,abrupt-4xCO2,IPSL,IPSL-CM6A-MR1,r1i1p1f1,1389.6,0.4021,ok
sigma_1,o2,abrupt-4xCO2,MIROC,MIROC-ES2L,r1i1p1f2,1338.5,0.3943,ok
sigma_1,o2,abrupt-4xCO2,MOHC,UKESM1-0-LL,r1i1p1f2,1367.5,0.4079,ok
sigma_1,o2,abrupt-4xCO2,MPI-M,MPI-ESM1-2-HR,r1i1p1f1,1623.3,0.3915,ok
sigma_1,o2,abrupt-4xCO2,MPI-M,MPI-ESM1-2-LR,r1i1p1f1,1564.0,0.3774,ok
sigma_1,o2,abrupt-4xCO2,MRI,MRI-ESM2-0,r1i2p1f1,1416.3,0.4099,ok
sigma_1,o2,abrupt-4xCO2,NCC,NorESM2-LM,r1i1p1f1,2723.4,0.3742,ok
sigma_1,o2,abrupt-4xCO2,NOAA-GFDL,GFDL-ESM4,r1i1p1f1,1438.2,0.3881,ok
